route_name,start_lat,start_lng,end_lat,end_lng
Berlin – Frankfurt,52.5200,13.4050,50.11, 8.6842
Hamburg – Munich,53.5511,9.9937,48.1351,11.5820
Augsburg - Kiel,48.37154, 10.89851,54.3233, 10.1228
Düsseldorf – Dresden,51.2277,6.7735,51.0504,13.7373